Run,anonymized_name,Assay Type,AvgSpotLen,Bases,BioProject,BioSample,Bytes,Center Name,common_name,Consent,DATASTORE filetype,DATASTORE provider,DATASTORE region,ENA-FIRST-PUBLIC (run),ENA_first_public,ENA-LAST-UPDATE (run),ENA_last_update,Experiment,external_id,INSDC_center_name,INSDC_first_public,INSDC_last_update,INSDC_status,Instrument,Library Name,LibraryLayout,LibrarySelection,LibrarySource,Organism,Platform,ReleaseDate,Sample Name,Sample_name,SRA Study,Submitter_Id,create_date,version,INSDC_center_alias,scientific_name
ERR160133,normal_tissue_of__LC_C18,OTHER,202,6677943856,PRJEB3132,SAMEA1499304,5049323377,GMISNU,human,public,"fastq,run.zq,sra","ena,gs,ncbi,s3","ena,gs.us-east1,ncbi.public,s3.us-east-1",9/6/12,9/6/12,11/16/18,11/4/13,ERX135981,SAMEA1499304,"Genomic Medicine Institute\, Medical Research Center\, Seoul National University\, Seoul\, Korea",2012-09-06T08:54:27Z,2013-11-04T20:06:12Z,public,Illumina HiSeq 2000,LC_C18_nor_exome1,PAIRED,unspecified,GENOMIC,Homo sapiens,ILLUMINA,2012-11-26T00:00:00Z,SAMEA1499304,LC_C18_nor,ERP001575,LC_C18_nor,2012-12-22T20:23:00Z,1,GMISNU,
ERR160139,normal_tissue_of__LC_C25,OTHER,202,4760801650,PRJEB3132,SAMEA1499290,3523408754,GMISNU,human,public,"fastq,run.zq,sra","ena,gs,ncbi,s3","ena,gs.us-east1,ncbi.public,s3.us-east-1",9/6/12,9/6/12,11/16/18,11/4/13,ERX135987,SAMEA1499290,"Genomic Medicine Institute\, Medical Research Center\, Seoul National University\, Seoul\, Korea",2012-09-06T08:54:27Z,2013-11-04T20:06:12Z,public,Illumina HiSeq 2000,LC_C25_nor_exome1,PAIRED,unspecified,GENOMIC,Homo sapiens,ILLUMINA,2012-11-26T00:00:00Z,SAMEA1499290,LC_C25_nor,ERP001575,LC_C25_nor,2012-12-22T20:27:00Z,1,GMISNU,
ERR160140,normal_tissue_of__LC_C28,OTHER,202,7526169126,PRJEB3132,SAMEA1499267,5541105737,GMISNU,human,public,"fastq,run.zq,sra","ena,gs,ncbi,s3","ena,gs.us-east1,ncbi.public,s3.us-east-1",9/6/12,9/6/12,11/16/18,11/4/13,ERX135988,SAMEA1499267,"Genomic Medicine Institute\, Medical Research Center\, Seoul National University\, Seoul\, Korea",2012-09-06T08:54:27Z,2013-11-04T20:06:12Z,public,Illumina HiSeq 2000,LC_C28_nor_exome1,PAIRED,unspecified,GENOMIC,Homo sapiens,ILLUMINA,2012-11-26T00:00:00Z,SAMEA1499267,LC_C28_nor,ERP001575,LC_C28_nor,2012-12-22T20:30:00Z,1,GMISNU,
ERR160141,normal_tissue_of__LC_C29,OTHER,202,5667903254,PRJEB3132,SAMEA1499308,4279511140,GMISNU,human,public,"fastq,run.zq,sra","ena,gs,ncbi,s3","ena,gs.us-east1,ncbi.public,s3.us-east-1",9/6/12,9/6/12,11/16/18,11/4/13,ERX135989,SAMEA1499308,"Genomic Medicine Institute\, Medical Research Center\, Seoul National University\, Seoul\, Korea",2012-09-06T08:54:27Z,2013-11-04T20:06:12Z,public,Illumina HiSeq 2000,LC_C29_nor_exome1,PAIRED,unspecified,GENOMIC,Homo sapiens,ILLUMINA,2012-11-26T00:00:00Z,SAMEA1499308,LC_C29_nor,ERP001575,LC_C29_nor,2012-12-22T20:30:00Z,1,GMISNU,
ERR160142,normal_tissue_of__LC_C30,OTHER,202,5329007652,PRJEB3132,SAMEA1499312,4016432545,GMISNU,human,public,"fastq,run.zq,sra","ena,gs,ncbi,s3","ena,gs.us-east1,ncbi.public,s3.us-east-1",9/6/12,9/6/12,11/16/18,11/4/13,ERX135990,SAMEA1499312,"Genomic Medicine Institute\, Medical Research Center\, Seoul National University\, Seoul\, Korea",2012-09-06T08:54:27Z,2013-11-04T20:06:12Z,public,Illumina HiSeq 2000,LC_C30_nor_exome1,PAIRED,unspecified,GENOMIC,Homo sapiens,ILLUMINA,2012-11-26T00:00:00Z,SAMEA1499312,LC_C30_nor,ERP001575,LC_C30_nor,2012-12-22T20:35:00Z,1,GMISNU,
ERR160143,normal_tissue_of__LC_C31,OTHER,202,6033420234,PRJEB3132,SAMEA1499338,4559970871,GMISNU,human,public,"fastq,run.zq,sra","ena,gs,ncbi,s3","ena,gs.us-east1,ncbi.public,s3.us-east-1",9/6/12,2012-09-06T08:54:27Z,11/16/18,2013-11-04T20:06:12Z,ERX135991,SAMEA1499338,GMISNU,2012-09-06T08:54:27Z,2013-11-04T20:06:12Z,public,Illumina HiSeq 2000,LC_C31_nor_exome1,PAIRED,unspecified,GENOMIC,Homo sapiens,ILLUMINA,2012-11-26T00:00:00Z,SAMEA1499338,LC_C31_nor,ERP001575,LC_C31_nor,2012-12-22T20:35:00Z,1,,Homo sapiens
ERR160146,normal_tissue_of__LC_C35,OTHER,202,6020865934,PRJEB3132,SAMEA1499229,4549315699,GMISNU,human,public,"fastq,run.zq,sra","ena,gs,ncbi,s3","ena,gs.us-east1,ncbi.public,s3.us-east-1",9/6/12,9/6/12,11/16/18,11/4/13,ERX135994,SAMEA1499229,"Genomic Medicine Institute\, Medical Research Center\, Seoul National University\, Seoul\, Korea",2012-09-06T08:54:27Z,2013-11-04T20:06:12Z,public,Illumina HiSeq 2000,LC_C35_nor_exome1,PAIRED,unspecified,GENOMIC,Homo sapiens,ILLUMINA,2012-11-26T00:00:00Z,SAMEA1499229,LC_C35_nor,ERP001575,LC_C35_nor,2012-12-22T20:37:00Z,1,GMISNU,
ERR160147,normal_tissue_of__LC_C36,OTHER,202,4147009500,PRJEB3132,SAMEA1499242,3135862650,GMISNU,human,public,"fastq,run.zq","ena,gs,ncbi,s3","ena,gs.us-east1,ncbi.public,s3.us-east-1",9/6/12,9/6/12,11/16/18,11/4/13,ERX135995,SAMEA1499242,"Genomic Medicine Institute\, Medical Research Center\, Seoul National University\, Seoul\, Korea",2012-09-06T08:54:27Z,2013-11-04T20:06:12Z,public,Illumina HiSeq 2000,LC_C36_nor_exome1,PAIRED,unspecified,GENOMIC,Homo sapiens,ILLUMINA,2012-11-26T00:00:00Z,SAMEA1499242,LC_C36_nor,ERP001575,LC_C36_nor,,,GMISNU,
ERR160148,normal_tissue_of__LC_S1,OTHER,202,5441729712,PRJEB3132,SAMEA1499379,3802817700,GMISNU,human,public,"fastq,run.zq,sra","ena,gs,ncbi,s3","ena,gs.us-east1,ncbi.public,s3.us-east-1",9/6/12,2012-09-06T08:54:27Z,11/16/18,2013-11-04T20:06:12Z,ERX135996,SAMEA1499379,GMISNU,2012-09-06T08:54:27Z,2013-11-04T20:06:12Z,public,Illumina HiSeq 2000,LC_S1_nor_exome1,PAIRED,unspecified,GENOMIC,Homo sapiens,ILLUMINA,2012-11-26T00:00:00Z,SAMEA1499379,LC_S1_nor,ERP001575,LC_S1_nor,2012-12-22T20:41:00Z,1,,Homo sapiens
ERR160149,normal_tissue_of__LC_S2,OTHER,202,4682911864,PRJEB3132,SAMEA1499369,3247320370,GMISNU,human,public,"fastq,run.zq,sra","ena,gs,ncbi,s3","ena,gs.us-east1,ncbi.public,s3.us-east-1",9/6/12,9/6/12,11/16/18,11/4/13,ERX135997,SAMEA1499369,"Genomic Medicine Institute\, Medical Research Center\, Seoul National University\, Seoul\, Korea",2012-09-06T08:54:27Z,2013-11-04T20:06:12Z,public,Illumina HiSeq 2000,LC_S2_nor_exome1,PAIRED,unspecified,GENOMIC,Homo sapiens,ILLUMINA,2012-11-26T00:00:00Z,SAMEA1499369,LC_S2_nor,ERP001575,LC_S2_nor,2012-12-22T20:42:00Z,1,GMISNU,
ERR160150,normal_tissue_of__LC_S3,OTHER,202,4383096394,PRJEB3132,SAMEA1499348,3044090479,GMISNU,human,public,"fastq,run.zq,sra","ena,gs,ncbi,s3","ena,gs.us-east1,ncbi.public,s3.us-east-1",9/6/12,9/6/12,11/16/18,11/4/13,ERX135998,SAMEA1499348,"Genomic Medicine Institute\, Medical Research Center\, Seoul National University\, Seoul\, Korea",2012-09-06T08:54:27Z,2013-11-04T20:06:12Z,public,Illumina HiSeq 2000,LC_S3_nor_exome1,PAIRED,unspecified,GENOMIC,Homo sapiens,ILLUMINA,2012-11-26T00:00:00Z,SAMEA1499348,LC_S3_nor,ERP001575,LC_S3_nor,2012-12-22T20:41:00Z,1,GMISNU,
ERR160151,normal_tissue_of__LC_S4,OTHER,202,4601011166,PRJEB3132,SAMEA1499318,3195511631,GMISNU,human,public,"fastq,run.zq,sra","ena,gs,ncbi,s3","ena,gs.us-east1,ncbi.public,s3.us-east-1",9/6/12,9/6/12,11/16/18,11/4/13,ERX135999,SAMEA1499318,"Genomic Medicine Institute\, Medical Research Center\, Seoul National University\, Seoul\, Korea",2012-09-06T08:54:27Z,2013-11-04T20:06:12Z,public,Illumina HiSeq 2000,LC_S4_nor_exome1,PAIRED,unspecified,GENOMIC,Homo sapiens,ILLUMINA,2012-11-26T00:00:00Z,SAMEA1499318,LC_S4_nor,ERP001575,LC_S4_nor,2012-12-22T20:42:00Z,1,GMISNU,
ERR160156,normal_tissue_of__LC_S11,OTHER,202,4594261740,PRJEB3132,SAMEA1499262,3007496641,GMISNU,human,public,"fastq,run.zq,sra","ena,gs,ncbi,s3","ena,gs.us-east1,ncbi.public,s3.us-east-1",9/6/12,9/6/12,11/16/18,11/4/13,ERX136004,SAMEA1499262,"Genomic Medicine Institute\, Medical Research Center\, Seoul National University\, Seoul\, Korea",2012-09-06T08:54:27Z,2013-11-04T20:06:12Z,public,Illumina HiSeq 2000,LC_S11_nor_exome1,PAIRED,unspecified,GENOMIC,Homo sapiens,ILLUMINA,2012-11-26T00:00:00Z,SAMEA1499262,LC_S11_nor,ERP001575,LC_S11_nor,2012-12-22T20:45:00Z,1,GMISNU,
ERR160157,normal_tissue_of__LC_S13,OTHER,202,4251000514,PRJEB3132,SAMEA1499236,2781368259,GMISNU,human,public,"fastq,run.zq,sra","ena,gs,ncbi,s3","ena,gs.us-east1,ncbi.public,s3.us-east-1",9/6/12,9/6/12,11/16/18,11/4/13,ERX136005,SAMEA1499236,"Genomic Medicine Institute\, Medical Research Center\, Seoul National University\, Seoul\, Korea",2012-09-06T08:54:27Z,2013-11-04T20:06:12Z,public,Illumina HiSeq 2000,LC_S13_nor_exome1,PAIRED,unspecified,GENOMIC,Homo sapiens,ILLUMINA,2012-11-26T00:00:00Z,SAMEA1499236,LC_S13_nor,ERP001575,LC_S13_nor,2012-12-22T20:46:00Z,1,GMISNU,
ERR160158,normal_tissue_of__LC_S14,OTHER,202,4185398388,PRJEB3132,SAMEA1499294,2733096458,GMISNU,human,public,"fastq,run.zq,sra","ena,gs,ncbi,s3","ena,gs.us-east1,ncbi.public,s3.us-east-1",9/6/12,9/6/12,11/16/18,11/4/13,ERX136006,SAMEA1499294,"Genomic Medicine Institute\, Medical Research Center\, Seoul National University\, Seoul\, Korea",2012-09-06T08:54:27Z,2013-11-04T20:06:12Z,public,Illumina HiSeq 2000,LC_S14_nor_exome1,PAIRED,unspecified,GENOMIC,Homo sapiens,ILLUMINA,2012-11-26T00:00:00Z,SAMEA1499294,LC_S14_nor,ERP001575,LC_S14_nor,2012-12-22T20:47:00Z,1,GMISNU,
ERR160160,normal_tissue_of__LC_S16,OTHER,202,3467507154,PRJEB3132,SAMEA1499269,2283042694,GMISNU,human,public,"fastq,run.zq,sra","ena,gs,ncbi,s3","ena,gs.us-east1,ncbi.public,s3.us-east-1",9/6/12,9/6/12,11/16/18,11/4/13,ERX136008,SAMEA1499269,"Genomic Medicine Institute\, Medical Research Center\, Seoul National University\, Seoul\, Korea",2012-09-06T08:54:27Z,2013-11-04T20:06:12Z,public,Illumina HiSeq 2000,LC_S16_nor_exome1,PAIRED,unspecified,GENOMIC,Homo sapiens,ILLUMINA,2012-11-26T00:00:00Z,SAMEA1499269,LC_S16_nor,ERP001575,LC_S16_nor,2012-12-22T20:48:00Z,1,GMISNU,
ERR160164,normal_tissue_of__LC_S20,OTHER,202,6159374910,PRJEB3132,SAMEA1499298,4026545366,GMISNU,human,public,"fastq,run.zq,sra","ena,gs,ncbi,s3","ena,gs.us-east1,ncbi.public,s3.us-east-1",9/6/12,9/6/12,11/16/18,11/4/13,ERX136012,SAMEA1499298,"Genomic Medicine Institute\, Medical Research Center\, Seoul National University\, Seoul\, Korea",2012-09-06T08:54:27Z,2013-11-04T20:06:12Z,public,Illumina HiSeq 2000,LC_S20_nor_exome1,PAIRED,unspecified,GENOMIC,Homo sapiens,ILLUMINA,2012-11-26T00:00:00Z,SAMEA1499298,LC_S20_nor,ERP001575,LC_S20_nor,2012-12-22T20:51:00Z,1,GMISNU,
ERR160182,normal_tissue_of__LC_S38,OTHER,202,3528605084,PRJEB3132,SAMEA1499365,2426710466,GMISNU,human,public,"fastq,run.zq,sra","ena,gs,ncbi,s3","ena,gs.us-east1,ncbi.public,s3.us-east-1",9/6/12,9/6/12,11/16/18,11/4/13,ERX136030,SAMEA1499365,"Genomic Medicine Institute\, Medical Research Center\, Seoul National University\, Seoul\, Korea",2012-09-06T08:54:27Z,2013-11-04T20:06:12Z,public,Illumina HiSeq 2000,LC_S38_nor_exome1,PAIRED,unspecified,GENOMIC,Homo sapiens,ILLUMINA,2012-11-26T00:00:00Z,SAMEA1499365,LC_S38_nor,ERP001575,LC_S38_nor,2012-12-22T21:03:00Z,1,GMISNU,
ERR160184,normal_tissue_of__LC_S40,OTHER,202,4134799408,PRJEB3132,SAMEA1499253,2818174075,GMISNU,human,public,"fastq,run.zq,sra","ena,gs,ncbi,s3","ena,gs.us-east1,ncbi.public,s3.us-east-1",9/6/12,9/6/12,11/16/18,11/4/13,ERX136032,SAMEA1499253,"Genomic Medicine Institute\, Medical Research Center\, Seoul National University\, Seoul\, Korea",2012-09-06T08:54:27Z,2013-11-04T20:06:12Z,public,Illumina HiSeq 2000,LC_S40_nor_exome1,PAIRED,unspecified,GENOMIC,Homo sapiens,ILLUMINA,2012-11-26T00:00:00Z,SAMEA1499253,LC_S40_nor,ERP001575,LC_S40_nor,2012-12-22T21:09:00Z,1,GMISNU,
ERR160185,normal_tissue_of__LC_S41,OTHER,202,4005526074,PRJEB3132,SAMEA1499279,2725151212,GMISNU,human,public,"fastq,run.zq,sra","ena,gs,ncbi,s3","ena,gs.us-east1,ncbi.public,s3.us-east-1",9/6/12,9/6/12,11/16/18,11/4/13,ERX136033,SAMEA1499279,"Genomic Medicine Institute\, Medical Research Center\, Seoul National University\, Seoul\, Korea",2012-09-06T08:54:27Z,2013-11-04T20:06:12Z,public,Illumina HiSeq 2000,LC_S41_nor_exome1,PAIRED,unspecified,GENOMIC,Homo sapiens,ILLUMINA,2012-11-26T00:00:00Z,SAMEA1499279,LC_S41_nor,ERP001575,LC_S41_nor,2012-12-22T21:08:00Z,1,GMISNU,
ERR160189,normal_tissue_of__LC_S45,OTHER,202,4579991854,PRJEB3132,SAMEA1499321,3104567093,GMISNU,human,public,"fastq,run.zq,sra","ena,gs,ncbi,s3","ena,gs.us-east1,ncbi.public,s3.us-east-1",9/6/12,9/6/12,11/16/18,11/4/13,ERX136037,SAMEA1499321,"Genomic Medicine Institute\, Medical Research Center\, Seoul National University\, Seoul\, Korea",2012-09-06T08:54:27Z,2013-11-04T20:06:12Z,public,Illumina HiSeq 2000,LC_S45_nor_exome1,PAIRED,unspecified,GENOMIC,Homo sapiens,ILLUMINA,2012-11-26T00:00:00Z,SAMEA1499321,LC_S45_nor,ERP001575,LC_S45_nor,2012-12-22T21:13:00Z,1,GMISNU,
ERR160190,normal_tissue_of__LC_S46,OTHER,202,5754964446,PRJEB3132,SAMEA1499347,3934364898,GMISNU,human,public,"fastq,run.zq,sra","ena,gs,ncbi,s3","ena,gs.us-east1,ncbi.public,s3.us-east-1",9/6/12,9/6/12,11/16/18,11/4/13,ERX136038,SAMEA1499347,"Genomic Medicine Institute\, Medical Research Center\, Seoul National University\, Seoul\, Korea",2012-09-06T08:54:27Z,2013-11-04T20:06:12Z,public,Illumina HiSeq 2000,LC_S46_nor_exome1,PAIRED,unspecified,GENOMIC,Homo sapiens,ILLUMINA,2012-11-26T00:00:00Z,SAMEA1499347,LC_S46_nor,ERP001575,LC_S46_nor,2012-12-22T21:16:00Z,1,GMISNU,
ERR160191,normal_tissue_of__LC_S47,OTHER,202,5589447666,PRJEB3132,SAMEA1499249,3802559308,GMISNU,human,public,"fastq,run.zq,sra","ena,gs,ncbi,s3","ena,gs.us-east1,ncbi.public,s3.us-east-1",9/6/12,9/6/12,11/16/18,11/4/13,ERX136039,SAMEA1499249,"Genomic Medicine Institute\, Medical Research Center\, Seoul National University\, Seoul\, Korea",2012-09-06T08:54:27Z,2013-11-04T20:06:12Z,public,Illumina HiSeq 2000,LC_S47_nor_exome1,PAIRED,unspecified,GENOMIC,Homo sapiens,ILLUMINA,2012-11-26T00:00:00Z,SAMEA1499249,LC_S47_nor,ERP001575,LC_S47_nor,2012-12-22T21:18:00Z,1,GMISNU,
ERR160192,normal_tissue_of__LC_S48,OTHER,202,5527468612,PRJEB3132,SAMEA1499227,3759962408,GMISNU,human,public,"fastq,run.zq,sra","ena,gs,ncbi,s3","ena,gs.us-east1,ncbi.public,s3.us-east-1",9/6/12,9/6/12,11/16/18,11/4/13,ERX136040,SAMEA1499227,"Genomic Medicine Institute\, Medical Research Center\, Seoul National University\, Seoul\, Korea",2012-09-06T08:54:27Z,2013-11-04T20:06:12Z,public,Illumina HiSeq 2000,LC_S48_nor_exome1,PAIRED,unspecified,GENOMIC,Homo sapiens,ILLUMINA,2012-11-26T00:00:00Z,SAMEA1499227,LC_S48_nor,ERP001575,LC_S48_nor,2012-12-22T21:19:00Z,1,GMISNU,
ERR160193,normal_tissue_of__LC_S49,OTHER,202,3419487714,PRJEB3132,SAMEA1499232,2408399809,GMISNU,human,public,"fastq,run.zq,sra","ena,gs,ncbi,s3","ena,gs.us-east1,ncbi.public,s3.us-east-1",9/6/12,9/6/12,11/16/18,11/4/13,ERX136041,SAMEA1499232,"Genomic Medicine Institute\, Medical Research Center\, Seoul National University\, Seoul\, Korea",2012-09-06T08:54:27Z,2013-11-04T20:06:12Z,public,Illumina HiSeq 2000,LC_S49_nor_exome1,PAIRED,unspecified,GENOMIC,Homo sapiens,ILLUMINA,2012-11-26T00:00:00Z,SAMEA1499232,LC_S49_nor,ERP001575,LC_S49_nor,2012-12-22T21:15:00Z,1,GMISNU,
ERR160194,normal_tissue_of__LC_S50,OTHER,202,5913048030,PRJEB3132,SAMEA1499373,4088379204,GMISNU,human,public,"fastq,run.zq,sra","ena,gs,ncbi,s3","ena,gs.us-east1,ncbi.public,s3.us-east-1",9/6/12,9/6/12,11/16/18,11/4/13,ERX136042,SAMEA1499373,"Genomic Medicine Institute\, Medical Research Center\, Seoul National University\, Seoul\, Korea",2012-09-06T08:54:27Z,2013-11-04T20:06:12Z,public,Illumina HiSeq 2000,LC_S50_nor_exome1,PAIRED,unspecified,GENOMIC,Homo sapiens,ILLUMINA,2012-11-26T00:00:00Z,SAMEA1499373,LC_S50_nor,ERP001575,LC_S50_nor,2012-12-22T21:19:00Z,1,GMISNU,
ERR160195,normal_tissue_of__LC_S51,OTHER,202,3998230238,PRJEB3132,SAMEA1499352,2776578231,GMISNU,human,public,"fastq,run.zq,sra","ena,gs,ncbi,s3","ena,gs.us-east1,ncbi.public,s3.us-east-1",9/6/12,9/6/12,11/16/18,11/4/13,ERX136043,SAMEA1499352,"Genomic Medicine Institute\, Medical Research Center\, Seoul National University\, Seoul\, Korea",2012-09-06T08:54:27Z,2013-11-04T20:06:12Z,public,Illumina HiSeq 2000,LC_S51_nor_exome1,PAIRED,unspecified,GENOMIC,Homo sapiens,ILLUMINA,2012-11-26T00:00:00Z,SAMEA1499352,LC_S51_nor,ERP001575,LC_S51_nor,2012-12-22T21:16:00Z,1,GMISNU,
ERR160196,normal_tissue_of__LC_S52,OTHER,202,3788250026,PRJEB3132,SAMEA1499325,2626886599,GMISNU,human,public,"fastq,run.zq,sra","ena,gs,ncbi,s3","ena,gs.us-east1,ncbi.public,s3.us-east-1",9/6/12,9/6/12,11/16/18,11/4/13,ERX136044,SAMEA1499325,"Genomic Medicine Institute\, Medical Research Center\, Seoul National University\, Seoul\, Korea",2012-09-06T08:54:27Z,2013-11-04T20:06:12Z,public,Illumina HiSeq 2000,LC_S52_nor_exome1,PAIRED,unspecified,GENOMIC,Homo sapiens,ILLUMINA,2012-11-26T00:00:00Z,SAMEA1499325,LC_S52_nor,ERP001575,LC_S52_nor,2012-12-22T21:20:00Z,1,GMISNU,
ERR160121,normal_tissue_of__LC_C1,OTHER,202,8031016010,PRJEB3132,SAMEA1499361,6090616306,GMISNU,human,public,"fastq,run.zq,sra","ena,gs,ncbi,s3","ena,gs.us-east1,ncbi.public,s3.us-east-1",9/6/12,9/6/12,11/16/18,11/4/13,ERX135969,SAMEA1499361,"Genomic Medicine Institute\, Medical Research Center\, Seoul National University\, Seoul\, Korea",2012-09-06T08:54:27Z,2013-11-04T20:06:12Z,public,Illumina HiSeq 2000,LC_C1_nor_exome1,PAIRED,unspecified,GENOMIC,Homo sapiens,ILLUMINA,2012-11-26T00:00:00Z,SAMEA1499361,LC_C1_nor,ERP001575,LC_C1_nor,2012-12-22T20:07:00Z,2,GMISNU,
ERR160122,normal_tissue_of__LC_C2,OTHER,202,4905046012,PRJEB3132,SAMEA1499337,3720460958,GMISNU,human,public,"fastq,run.zq,sra","ena,gs,ncbi,s3","ena,gs.us-east1,ncbi.public,s3.us-east-1",9/6/12,9/6/12,11/16/18,11/4/13,ERX135970,SAMEA1499337,"Genomic Medicine Institute\, Medical Research Center\, Seoul National University\, Seoul\, Korea",2012-09-06T08:54:27Z,2013-11-04T20:06:12Z,public,Illumina HiSeq 2000,LC_C2_nor_exome1,PAIRED,unspecified,GENOMIC,Homo sapiens,ILLUMINA,2012-11-26T00:00:00Z,SAMEA1499337,LC_C2_nor,ERP001575,LC_C2_nor,2012-12-22T20:05:00Z,2,GMISNU,
ERR160123,normal_tissue_of__LC_C3,OTHER,202,6341761316,PRJEB3132,SAMEA1499309,4825410581,GMISNU,human,public,"fastq,run.zq,sra","ena,gs,ncbi,s3","ena,gs.us-east1,ncbi.public,s3.us-east-1",9/6/12,2012-09-06T08:54:27Z,11/16/18,2013-11-04T20:06:12Z,ERX135971,SAMEA1499309,GMISNU,2012-09-06T08:54:27Z,2013-11-04T20:06:12Z,public,Illumina HiSeq 2000,LC_C3_nor_exome1,PAIRED,unspecified,GENOMIC,Homo sapiens,ILLUMINA,2012-11-26T00:00:00Z,SAMEA1499309,LC_C3_nor,ERP001575,LC_C3_nor,2012-12-22T20:06:00Z,2,,Homo sapiens
ERR160124,normal_tissue_of__LC_C5,OTHER,202,8560104106,PRJEB3132,SAMEA1499301,6478816124,GMISNU,human,public,"fastq,run.zq,sra","ena,gs,ncbi,s3","ena,gs.us-east1,ncbi.public,s3.us-east-1",9/6/12,9/6/12,11/16/18,11/4/13,ERX135972,SAMEA1499301,"Genomic Medicine Institute\, Medical Research Center\, Seoul National University\, Seoul\, Korea",2012-09-06T08:54:27Z,2013-11-04T20:06:12Z,public,Illumina HiSeq 2000,LC_C5_nor_exome1,PAIRED,unspecified,GENOMIC,Homo sapiens,ILLUMINA,2012-11-26T00:00:00Z,SAMEA1499301,LC_C5_nor,ERP001575,LC_C5_nor,2012-12-22T20:11:00Z,2,GMISNU,
ERR160125,normal_tissue_of__LC_C7,OTHER,202,9210048398,PRJEB3132,SAMEA1499281,6982976841,GMISNU,human,public,"fastq,run.zq,sra","ena,gs,ncbi,s3","ena,gs.us-east1,ncbi.public,s3.us-east-1",9/6/12,9/6/12,11/16/18,11/4/13,ERX135973,SAMEA1499281,"Genomic Medicine Institute\, Medical Research Center\, Seoul National University\, Seoul\, Korea",2012-09-06T08:54:27Z,2013-11-04T20:06:12Z,public,Illumina HiSeq 2000,LC_C7_nor_exome1,PAIRED,unspecified,GENOMIC,Homo sapiens,ILLUMINA,2012-11-26T00:00:00Z,SAMEA1499281,LC_C7_nor,ERP001575,LC_C7_nor,2012-12-22T20:13:00Z,2,GMISNU,
ERR160126,normal_tissue_of__LC_C9,OTHER,202,6484890638,PRJEB3132,SAMEA1499256,4922478331,GMISNU,human,public,"fastq,run.zq,sra","ena,gs,ncbi,s3","ena,gs.us-east1,ncbi.public,s3.us-east-1",9/6/12,9/6/12,11/16/18,11/4/13,ERX135974,SAMEA1499256,"Genomic Medicine Institute\, Medical Research Center\, Seoul National University\, Seoul\, Korea",2012-09-06T08:54:27Z,2013-11-04T20:06:12Z,public,Illumina HiSeq 2000,LC_C9_nor_exome1,PAIRED,unspecified,GENOMIC,Homo sapiens,ILLUMINA,2012-11-26T00:00:00Z,SAMEA1499256,LC_C9_nor,ERP001575,LC_C9_nor,2012-12-22T20:10:00Z,2,GMISNU,
ERR160127,normal_tissue_of__LC_C10,OTHER,202,5234053512,PRJEB3132,SAMEA1499243,3963237259,GMISNU,human,public,"fastq,run.zq,sra","ena,gs,ncbi,s3","ena,gs.us-east1,ncbi.public,s3.us-east-1",9/6/12,9/6/12,11/16/18,11/4/13,ERX135975,SAMEA1499243,"Genomic Medicine Institute\, Medical Research Center\, Seoul National University\, Seoul\, Korea",2012-09-06T08:54:27Z,2013-11-04T20:06:12Z,public,Illumina HiSeq 2000,LC_C10_nor_exome1,PAIRED,unspecified,GENOMIC,Homo sapiens,ILLUMINA,2012-11-26T00:00:00Z,SAMEA1499243,LC_C10_nor,ERP001575,LC_C10_nor,2012-12-22T20:11:00Z,1,GMISNU,
ERR160128,normal_tissue_of__LC_C11,OTHER,202,5617630100,PRJEB3132,SAMEA1499228,4243895273,GMISNU,human,public,"fastq,run.zq,sra","ena,gs,ncbi,s3","ena,gs.us-east1,ncbi.public,s3.us-east-1",9/6/12,9/6/12,11/16/18,11/4/13,ERX135976,SAMEA1499228,"Genomic Medicine Institute\, Medical Research Center\, Seoul National University\, Seoul\, Korea",2012-09-06T08:54:27Z,2013-11-04T20:06:12Z,public,Illumina HiSeq 2000,LC_C11_nor_exome1,PAIRED,unspecified,GENOMIC,Homo sapiens,ILLUMINA,2012-11-26T00:00:00Z,SAMEA1499228,LC_C11_nor,ERP001575,LC_C11_nor,2012-12-22T20:11:00Z,1,GMISNU,
ERR160129,normal_tissue_of__LC_C12,OTHER,202,5069373618,PRJEB3132,SAMEA1499368,3822317792,GMISNU,human,public,"fastq,run.zq,sra","ena,gs,ncbi,s3","ena,gs.us-east1,ncbi.public,s3.us-east-1",9/6/12,9/6/12,11/16/18,11/4/13,ERX135977,SAMEA1499368,"Genomic Medicine Institute\, Medical Research Center\, Seoul National University\, Seoul\, Korea",2012-09-06T08:54:27Z,2013-11-04T20:06:12Z,public,Illumina HiSeq 2000,LC_C12_nor_exome1,PAIRED,unspecified,GENOMIC,Homo sapiens,ILLUMINA,2012-11-26T00:00:00Z,SAMEA1499368,LC_C12_nor,ERP001575,LC_C12_nor,2012-12-22T20:12:00Z,2,GMISNU,
ERR160130,normal_tissue_of__LC_C14,OTHER,202,7770430960,PRJEB3132,SAMEA1499356,5862026258,GMISNU,human,public,"fastq,run.zq,sra","ena,gs,ncbi,s3","ena,gs.us-east1,ncbi.public,s3.us-east-1",9/6/12,9/6/12,11/16/18,11/4/13,ERX135978,SAMEA1499356,"Genomic Medicine Institute\, Medical Research Center\, Seoul National University\, Seoul\, Korea",2012-09-06T08:54:27Z,2013-11-04T20:06:12Z,public,Illumina HiSeq 2000,LC_C14_nor_exome1,PAIRED,unspecified,GENOMIC,Homo sapiens,ILLUMINA,2012-11-26T00:00:00Z,SAMEA1499356,LC_C14_nor,ERP001575,LC_C14_nor,2012-12-22T20:20:00Z,1,GMISNU,
ERR160131,normal_tissue_of__LC_C16,OTHER,202,5846773850,PRJEB3132,SAMEA1499295,4442168594,GMISNU,human,public,"fastq,run.zq,sra","ena,gs,ncbi,s3","ena,gs.us-east1,ncbi.public,s3.us-east-1",9/6/12,9/6/12,11/16/18,11/4/13,ERX135979,SAMEA1499295,"Genomic Medicine Institute\, Medical Research Center\, Seoul National University\, Seoul\, Korea",2012-09-06T08:54:27Z,2013-11-04T20:06:12Z,public,Illumina HiSeq 2000,LC_C16_nor_exome1,PAIRED,unspecified,GENOMIC,Homo sapiens,ILLUMINA,2012-11-26T00:00:00Z,SAMEA1499295,LC_C16_nor,ERP001575,LC_C16_nor,2012-12-22T20:20:00Z,1,GMISNU,
ERR160132,normal_tissue_of__LC_C17,OTHER,202,8918430290,PRJEB3132,SAMEA1499330,6706148486,GMISNU,human,public,"fastq,run.zq,sra","ena,gs,ncbi,s3","ena,gs.us-east1,ncbi.public,s3.us-east-1",9/6/12,9/6/12,11/16/18,11/4/13,ERX135980,SAMEA1499330,"Genomic Medicine Institute\, Medical Research Center\, Seoul National University\, Seoul\, Korea",2012-09-06T08:54:27Z,2013-11-04T20:06:12Z,public,Illumina HiSeq 2000,LC_C17_nor_exome1,PAIRED,unspecified,GENOMIC,Homo sapiens,ILLUMINA,2012-11-26T00:00:00Z,SAMEA1499330,LC_C17_nor,ERP001575,LC_C17_nor,2012-12-22T20:24:00Z,1,GMISNU,
ERR160134,normal_tissue_of__LC_C19,OTHER,202,10154966220,PRJEB3132,SAMEA1499377,7678321546,GMISNU,human,public,"fastq,run.zq,sra","ena,gs,ncbi,s3","ena,gs.us-east1,ncbi.public,s3.us-east-1",9/6/12,9/6/12,11/16/18,11/4/13,ERX135982,SAMEA1499377,"Genomic Medicine Institute\, Medical Research Center\, Seoul National University\, Seoul\, Korea",2012-09-06T08:54:27Z,2013-11-04T20:06:12Z,public,Illumina HiSeq 2000,LC_C19_nor_exome1,PAIRED,unspecified,GENOMIC,Homo sapiens,ILLUMINA,2012-11-26T00:00:00Z,SAMEA1499377,LC_C19_nor,ERP001575,LC_C19_nor,2012-12-22T20:27:00Z,2,GMISNU,
ERR160135,normal_tissue_of__LC_C20,OTHER,202,5972914164,PRJEB3132,SAMEA1499360,4398014658,GMISNU,human,public,"fastq,run.zq,sra","ena,gs,ncbi,s3","ena,gs.us-east1,ncbi.public,s3.us-east-1",9/6/12,9/6/12,11/16/18,11/4/13,ERX135983,SAMEA1499360,"Genomic Medicine Institute\, Medical Research Center\, Seoul National University\, Seoul\, Korea",2012-09-06T08:54:27Z,2013-11-04T20:06:12Z,public,Illumina HiSeq 2000,LC_C20_nor_exome1,PAIRED,unspecified,GENOMIC,Homo sapiens,ILLUMINA,2012-11-26T00:00:00Z,SAMEA1499360,LC_C20_nor,ERP001575,LC_C20_nor,2012-12-22T20:22:00Z,1,GMISNU,
ERR160136,normal_tissue_of__LC_C21,OTHER,202,6883266150,PRJEB3132,SAMEA1499259,5107949221,GMISNU,human,public,"fastq,run.zq,sra","ena,gs,ncbi,s3","ena,gs.us-east1,ncbi.public,s3.us-east-1",9/6/12,9/6/12,11/16/18,11/4/13,ERX135984,SAMEA1499259,"Genomic Medicine Institute\, Medical Research Center\, Seoul National University\, Seoul\, Korea",2012-09-06T08:54:27Z,2013-11-04T20:06:12Z,public,Illumina HiSeq 2000,LC_C21_nor_exome1,PAIRED,unspecified,GENOMIC,Homo sapiens,ILLUMINA,2012-11-26T00:00:00Z,SAMEA1499259,LC_C21_nor,ERP001575,LC_C21_nor,2012-12-22T20:25:00Z,1,GMISNU,
ERR160137,normal_tissue_of__LC_C22,OTHER,202,9120783992,PRJEB3132,SAMEA1499238,6762010553,GMISNU,human,public,"fastq,run.zq,sra","ena,gs,ncbi,s3","ena,gs.us-east1,ncbi.public,s3.us-east-1",9/6/12,9/6/12,11/16/18,11/4/13,ERX135985,SAMEA1499238,"Genomic Medicine Institute\, Medical Research Center\, Seoul National University\, Seoul\, Korea",2012-09-06T08:54:27Z,2013-11-04T20:06:12Z,public,Illumina HiSeq 2000,LC_C22_nor_exome1,PAIRED,unspecified,GENOMIC,Homo sapiens,ILLUMINA,2012-11-26T00:00:00Z,SAMEA1499238,LC_C22_nor,ERP001575,LC_C22_nor,2012-12-22T20:30:00Z,1,GMISNU,
ERR160138,normal_tissue_of__LC_C24,OTHER,202,6380005572,PRJEB3132,SAMEA1499225,4708190610,GMISNU,human,public,"fastq,run.zq,sra","ena,gs,ncbi,s3","ena,gs.us-east1,ncbi.public,s3.us-east-1",9/6/12,9/6/12,11/16/18,11/4/13,ERX135986,SAMEA1499225,"Genomic Medicine Institute\, Medical Research Center\, Seoul National University\, Seoul\, Korea",2012-09-06T08:54:27Z,2013-11-04T20:06:12Z,public,Illumina HiSeq 2000,LC_C24_nor_exome1,PAIRED,unspecified,GENOMIC,Homo sapiens,ILLUMINA,2012-11-26T00:00:00Z,SAMEA1499225,LC_C24_nor,ERP001575,LC_C24_nor,2012-12-22T20:27:00Z,1,GMISNU,
ERR160144,normal_tissue_of__LC_C33,OTHER,202,6344169358,PRJEB3132,SAMEA1499274,4818037055,GMISNU,human,public,"fastq,run.zq,sra","ena,gs,ncbi,s3","ena,gs.us-east1,ncbi.public,s3.us-east-1",9/6/12,9/6/12,11/16/18,11/4/13,ERX135992,SAMEA1499274,"Genomic Medicine Institute\, Medical Research Center\, Seoul National University\, Seoul\, Korea",2012-09-06T08:54:27Z,2013-11-04T20:06:12Z,public,Illumina HiSeq 2000,LC_C33_nor_exome1,PAIRED,unspecified,GENOMIC,Homo sapiens,ILLUMINA,2012-11-26T00:00:00Z,SAMEA1499274,LC_C33_nor,ERP001575,LC_C33_nor,2012-12-22T20:36:00Z,1,GMISNU,
ERR160145,normal_tissue_of__LC_C34,OTHER,202,7692411288,PRJEB3132,SAMEA1499289,5809003418,GMISNU,human,public,"fastq,run.zq,sra","ena,gs,ncbi,s3","ena,gs.us-east1,ncbi.public,s3.us-east-1",9/6/12,9/6/12,11/16/18,11/4/13,ERX135993,SAMEA1499289,"Genomic Medicine Institute\, Medical Research Center\, Seoul National University\, Seoul\, Korea",2012-09-06T08:54:27Z,2013-11-04T20:06:12Z,public,Illumina HiSeq 2000,LC_C34_nor_exome1,PAIRED,unspecified,GENOMIC,Homo sapiens,ILLUMINA,2012-11-26T00:00:00Z,SAMEA1499289,LC_C34_nor,ERP001575,LC_C34_nor,2012-12-22T20:39:00Z,1,GMISNU,
ERR160152,normal_tissue_of__LC_S5,OTHER,202,3863302722,PRJEB3132,SAMEA1499307,2679520433,GMISNU,human,public,"fastq,run.zq,sra","ena,gs,ncbi,s3","ena,gs.us-east1,ncbi.public,s3.us-east-1",9/6/12,9/6/12,11/16/18,11/4/13,ERX136000,SAMEA1499307,"Genomic Medicine Institute\, Medical Research Center\, Seoul National University\, Seoul\, Korea",2012-09-06T08:54:27Z,2013-11-04T20:06:12Z,public,Illumina HiSeq 2000,LC_S5_nor_exome1,PAIRED,unspecified,GENOMIC,Homo sapiens,ILLUMINA,2012-11-26T00:00:00Z,SAMEA1499307,LC_S5_nor,ERP001575,LC_S5_nor,2012-12-22T20:40:00Z,1,GMISNU,
ERR160153,normal_tissue_of__LC_S6,OTHER,202,5638363582,PRJEB3132,SAMEA1499314,3679978749,GMISNU,human,public,"fastq,run.zq,sra","ena,gs,ncbi,s3","ena,gs.us-east1,ncbi.public,s3.us-east-1",9/6/12,9/6/12,11/16/18,11/4/13,ERX136001,SAMEA1499314,"Genomic Medicine Institute\, Medical Research Center\, Seoul National University\, Seoul\, Korea",2012-09-06T08:54:27Z,2013-11-04T20:06:12Z,public,Illumina HiSeq 2000,LC_S6_nor_exome1,PAIRED,unspecified,GENOMIC,Homo sapiens,ILLUMINA,2012-11-26T00:00:00Z,SAMEA1499314,LC_S6_nor,ERP001575,LC_S6_nor,2012-12-22T20:43:00Z,1,GMISNU,
ERR160154,normal_tissue_of__LC_S9,OTHER,202,4594425764,PRJEB3132,SAMEA1499375,2992249951,GMISNU,human,public,"fastq,run.zq,sra","ena,gs,ncbi,s3","ena,gs.us-east1,ncbi.public,s3.us-east-1",9/6/12,9/6/12,11/16/18,11/4/13,ERX136002,SAMEA1499375,"Genomic Medicine Institute\, Medical Research Center\, Seoul National University\, Seoul\, Korea",2012-09-06T08:54:27Z,2013-11-04T20:06:12Z,public,Illumina HiSeq 2000,LC_S9_nor_exome1,PAIRED,unspecified,GENOMIC,Homo sapiens,ILLUMINA,2012-11-26T00:00:00Z,SAMEA1499375,LC_S9_nor,ERP001575,LC_S9_nor,2012-12-22T20:43:00Z,1,GMISNU,
ERR160155,normal_tissue_of__LC_S10,OTHER,202,3815369536,PRJEB3132,SAMEA1499354,2499691460,GMISNU,human,public,"fastq,run.zq,sra","ena,gs,ncbi,s3","ena,gs.us-east1,ncbi.public,s3.us-east-1",9/6/12,9/6/12,11/16/18,11/4/13,ERX136003,SAMEA1499354,"Genomic Medicine Institute\, Medical Research Center\, Seoul National University\, Seoul\, Korea",2012-09-06T08:54:27Z,2013-11-04T20:06:12Z,public,Illumina HiSeq 2000,LC_S10_nor_exome1,PAIRED,unspecified,GENOMIC,Homo sapiens,ILLUMINA,2012-11-26T00:00:00Z,SAMEA1499354,LC_S10_nor,ERP001575,LC_S10_nor,2012-12-22T20:45:00Z,1,GMISNU,
ERR160159,normal_tissue_of__LC_S15,OTHER,202,4251607524,PRJEB3132,SAMEA1499275,2779726992,GMISNU,human,public,"fastq,run.zq,sra","ena,gs,ncbi,s3","ena,gs.us-east1,ncbi.public,s3.us-east-1",9/6/12,9/6/12,11/16/18,11/4/13,ERX136007,SAMEA1499275,"Genomic Medicine Institute\, Medical Research Center\, Seoul National University\, Seoul\, Korea",2012-09-06T08:54:27Z,2013-11-04T20:06:12Z,public,Illumina HiSeq 2000,LC_S15_nor_exome1,PAIRED,unspecified,GENOMIC,Homo sapiens,ILLUMINA,2012-11-26T00:00:00Z,SAMEA1499275,LC_S15_nor,ERP001575,LC_S15_nor,2012-12-22T20:49:00Z,1,GMISNU,
ERR160161,normal_tissue_of__LC_S17,OTHER,202,3003417406,PRJEB3132,SAMEA1499351,1977694521,GMISNU,human,public,"fastq,run.zq,sra","ena,gs,ncbi,s3","ena,gs.us-east1,ncbi.public,s3.us-east-1",9/6/12,9/6/12,11/16/18,11/4/13,ERX136009,SAMEA1499351,"Genomic Medicine Institute\, Medical Research Center\, Seoul National University\, Seoul\, Korea",2012-09-06T08:54:27Z,2013-11-04T20:06:12Z,public,Illumina HiSeq 2000,LC_S17_nor_exome1,PAIRED,unspecified,GENOMIC,Homo sapiens,ILLUMINA,2012-11-26T00:00:00Z,SAMEA1499351,LC_S17_nor,ERP001575,LC_S17_nor,2012-12-22T20:50:00Z,1,GMISNU,
ERR160162,normal_tissue_of__LC_S18,OTHER,202,5243517212,PRJEB3132,SAMEA1499374,3443018933,GMISNU,human,public,"fastq,run.zq,sra","ena,gs,ncbi,s3","ena,gs.us-east1,ncbi.public,s3.us-east-1",9/6/12,9/6/12,11/16/18,11/4/13,ERX136010,SAMEA1499374,"Genomic Medicine Institute\, Medical Research Center\, Seoul National University\, Seoul\, Korea",2012-09-06T08:54:27Z,2013-11-04T20:06:12Z,public,Illumina HiSeq 2000,LC_S18_nor_exome1,PAIRED,unspecified,GENOMIC,Homo sapiens,ILLUMINA,2012-11-26T00:00:00Z,SAMEA1499374,LC_S18_nor,ERP001575,LC_S18_nor,2012-12-22T20:50:00Z,1,GMISNU,
ERR160163,normal_tissue_of__LC_S19,OTHER,202,5486925394,PRJEB3132,SAMEA1499283,3599503498,GMISNU,human,public,"fastq,run.zq,sra","ena,gs,ncbi,s3","ena,gs.us-east1,ncbi.public,s3.us-east-1",9/6/12,9/6/12,11/16/18,11/4/13,ERX136011,SAMEA1499283,"Genomic Medicine Institute\, Medical Research Center\, Seoul National University\, Seoul\, Korea",2012-09-06T08:54:27Z,2013-11-04T20:06:12Z,public,Illumina HiSeq 2000,LC_S19_nor_exome1,PAIRED,unspecified,GENOMIC,Homo sapiens,ILLUMINA,2012-11-26T00:00:00Z,SAMEA1499283,LC_S19_nor,ERP001575,LC_S19_nor,2012-12-22T20:49:00Z,1,GMISNU,
ERR160165,normal_tissue_of__LC_S21,OTHER,202,4516597386,PRJEB3132,SAMEA1499271,2996321912,GMISNU,human,public,"fastq,run.zq,sra","ena,gs,ncbi,s3","ena,gs.us-east1,ncbi.public,s3.us-east-1",9/6/12,9/6/12,11/16/18,11/4/13,ERX136013,SAMEA1499271,"Genomic Medicine Institute\, Medical Research Center\, Seoul National University\, Seoul\, Korea",2012-09-06T08:54:27Z,2013-11-04T20:06:12Z,public,Illumina HiSeq 2000,LC_S21_nor_exome1,PAIRED,unspecified,GENOMIC,Homo sapiens,ILLUMINA,2012-11-26T00:00:00Z,SAMEA1499271,LC_S21_nor,ERP001575,LC_S21_nor,2012-12-22T20:51:00Z,1,GMISNU,
ERR160166,normal_tissue_of__LC_S22,OTHER,202,2589770694,PRJEB3132,SAMEA1499258,1700021771,GMISNU,human,public,"fastq,run.zq,sra","ena,gs,ncbi,s3","ena,gs.us-east1,ncbi.public,s3.us-east-1",9/6/12,9/6/12,11/16/18,11/4/13,ERX136014,SAMEA1499258,"Genomic Medicine Institute\, Medical Research Center\, Seoul National University\, Seoul\, Korea",2012-09-06T08:54:27Z,2013-11-04T20:06:12Z,public,Illumina HiSeq 2000,LC_S22_nor_exome1,PAIRED,unspecified,GENOMIC,Homo sapiens,ILLUMINA,2012-11-26T00:00:00Z,SAMEA1499258,LC_S22_nor,ERP001575,LC_S22_nor,2012-12-22T20:52:00Z,1,GMISNU,
ERR160167,normal_tissue_of__LC_S23,OTHER,202,5146575594,PRJEB3132,SAMEA1499223,3366665403,GMISNU,human,public,"fastq,run.zq,sra","ena,gs,ncbi,s3","ena,gs.us-east1,ncbi.public,s3.us-east-1",9/6/12,9/6/12,11/16/18,11/4/13,ERX136015,SAMEA1499223,"Genomic Medicine Institute\, Medical Research Center\, Seoul National University\, Seoul\, Korea",2012-09-06T08:54:27Z,2013-11-04T20:06:12Z,public,Illumina HiSeq 2000,LC_S23_nor_exome1,PAIRED,unspecified,GENOMIC,Homo sapiens,ILLUMINA,2012-11-26T00:00:00Z,SAMEA1499223,LC_S23_nor,ERP001575,LC_S23_nor,2012-12-22T20:54:00Z,1,GMISNU,
ERR160168,normal_tissue_of__LC_S24,OTHER,202,3849751754,PRJEB3132,SAMEA1499370,2516744403,GMISNU,human,public,"fastq,run.zq,sra","ena,gs,ncbi,s3","ena,gs.us-east1,ncbi.public,s3.us-east-1",9/6/12,9/6/12,11/16/18,11/4/13,ERX136016,SAMEA1499370,"Genomic Medicine Institute\, Medical Research Center\, Seoul National University\, Seoul\, Korea",2012-09-06T08:54:27Z,2013-11-04T20:06:12Z,public,Illumina HiSeq 2000,LC_S24_nor_exome1,PAIRED,unspecified,GENOMIC,Homo sapiens,ILLUMINA,2012-11-26T00:00:00Z,SAMEA1499370,LC_S24_nor,ERP001575,LC_S24_nor,2012-12-22T20:53:00Z,1,GMISNU,
ERR160169,normal_tissue_of__LC_S25,OTHER,202,3510143698,PRJEB3132,SAMEA1499344,2297346793,GMISNU,human,public,"fastq,run.zq,sra","ena,gs,ncbi,s3","ena,gs.us-east1,ncbi.public,s3.us-east-1",9/6/12,9/6/12,11/16/18,11/4/13,ERX136017,SAMEA1499344,"Genomic Medicine Institute\, Medical Research Center\, Seoul National University\, Seoul\, Korea",2012-09-06T08:54:27Z,2013-11-04T20:06:12Z,public,Illumina HiSeq 2000,LC_S25_nor_exome1,PAIRED,unspecified,GENOMIC,Homo sapiens,ILLUMINA,2012-11-26T00:00:00Z,SAMEA1499344,LC_S25_nor,ERP001575,LC_S25_nor,2012-12-22T20:52:00Z,1,GMISNU,
ERR160170,normal_tissue_of__LC_S26,OTHER,202,5029453772,PRJEB3132,SAMEA1499320,3292026555,GMISNU,human,public,"fastq,run.zq,sra","ena,gs,ncbi,s3","ena,gs.us-east1,ncbi.public,s3.us-east-1",9/6/12,9/6/12,11/16/18,11/4/13,ERX136018,SAMEA1499320,"Genomic Medicine Institute\, Medical Research Center\, Seoul National University\, Seoul\, Korea",2012-09-06T08:54:27Z,2013-11-04T20:06:12Z,public,Illumina HiSeq 2000,LC_S26_nor_exome1,PAIRED,unspecified,GENOMIC,Homo sapiens,ILLUMINA,2012-11-26T00:00:00Z,SAMEA1499320,LC_S26_nor,ERP001575,LC_S26_nor,2012-12-22T20:55:00Z,1,GMISNU,
ERR160171,normal_tissue_of__LC_S27,OTHER,202,4216860494,PRJEB3132,SAMEA1499270,2774785356,GMISNU,human,public,"fastq,run.zq,sra","ena,gs,ncbi,s3","ena,gs.us-east1,ncbi.public,s3.us-east-1",9/6/12,9/6/12,11/16/18,11/4/13,ERX136019,SAMEA1499270,"Genomic Medicine Institute\, Medical Research Center\, Seoul National University\, Seoul\, Korea",2012-09-06T08:54:27Z,2013-11-04T20:06:12Z,public,Illumina HiSeq 2000,LC_S27_nor_exome1,PAIRED,unspecified,GENOMIC,Homo sapiens,ILLUMINA,2012-11-26T00:00:00Z,SAMEA1499270,LC_S27_nor,ERP001575,LC_S27_nor,2012-12-22T20:54:00Z,1,GMISNU,
ERR160172,normal_tissue_of__LC_S28,OTHER,202,5714611512,PRJEB3132,SAMEA1499297,3742970059,GMISNU,human,public,"fastq,run.zq,sra","ena,gs,ncbi,s3","ena,gs.us-east1,ncbi.public,s3.us-east-1",9/6/12,9/6/12,11/16/18,11/4/13,ERX136020,SAMEA1499297,"Genomic Medicine Institute\, Medical Research Center\, Seoul National University\, Seoul\, Korea",2012-09-06T08:54:27Z,2013-11-04T20:06:12Z,public,Illumina HiSeq 2000,LC_S28_nor_exome1,PAIRED,unspecified,GENOMIC,Homo sapiens,ILLUMINA,2012-11-26T00:00:00Z,SAMEA1499297,LC_S28_nor,ERP001575,LC_S28_nor,2012-12-22T20:57:00Z,1,GMISNU,
ERR160173,normal_tissue_of__LC_S29,OTHER,202,5565229280,PRJEB3132,SAMEA1499231,4415212278,GMISNU,human,public,"fastq,run.zq,sra","ena,gs,ncbi,s3","ena,gs.us-east1,ncbi.public,s3.us-east-1",9/6/12,9/6/12,11/16/18,11/4/13,ERX136021,SAMEA1499231,"Genomic Medicine Institute\, Medical Research Center\, Seoul National University\, Seoul\, Korea",2012-09-06T08:54:27Z,2013-11-04T20:06:12Z,public,Illumina HiSeq 2000,LC_S29_nor_exome1,PAIRED,unspecified,GENOMIC,Homo sapiens,ILLUMINA,2012-11-26T00:00:00Z,SAMEA1499231,LC_S29_nor,ERP001575,LC_S29_nor,2012-12-22T20:56:00Z,1,GMISNU,
ERR160174,normal_tissue_of__LC_S30,OTHER,202,7326569694,PRJEB3132,SAMEA1499255,5738964208,GMISNU,human,public,"fastq,run.zq,sra","ena,gs,ncbi,s3","ena,gs.us-east1,ncbi.public,s3.us-east-1",9/6/12,9/6/12,11/16/18,11/4/13,ERX136022,SAMEA1499255,"Genomic Medicine Institute\, Medical Research Center\, Seoul National University\, Seoul\, Korea",2012-09-06T08:54:27Z,2013-11-04T20:06:12Z,public,Illumina HiSeq 2000,LC_S30_nor_exome1,PAIRED,unspecified,GENOMIC,Homo sapiens,ILLUMINA,2012-11-26T00:00:00Z,SAMEA1499255,LC_S30_nor,ERP001575,LC_S30_nor,2012-12-22T21:00:00Z,1,GMISNU,
ERR160175,normal_tissue_of__LC_S31,OTHER,202,9498403398,PRJEB3132,SAMEA1499244,7434371130,GMISNU,human,public,"run.zq,sra,fastq","ena,gs,ncbi,s3","ena,gs.us-east1,ncbi.public,s3.us-east-1",9/6/12,9/6/12,11/16/18,11/4/13,ERX136023,SAMEA1499244,"Genomic Medicine Institute\, Medical Research Center\, Seoul National University\, Seoul\, Korea",2012-09-06T08:54:27Z,2013-11-04T20:06:12Z,public,Illumina HiSeq 2000,LC_S31_nor_exome1,PAIRED,unspecified,GENOMIC,Homo sapiens,ILLUMINA,2012-11-26T00:00:00Z,SAMEA1499244,LC_S31_nor,ERP001575,LC_S31_nor,2012-12-22T21:08:00Z,2,GMISNU,
ERR160176,normal_tissue_of__LC_S32,OTHER,202,6094625426,PRJEB3132,SAMEA1499350,4699347126,GMISNU,human,public,"fastq,run.zq,sra","ena,gs,ncbi,s3","ena,gs.us-east1,ncbi.public,s3.us-east-1",9/6/12,9/6/12,11/16/18,11/4/13,ERX136024,SAMEA1499350,"Genomic Medicine Institute\, Medical Research Center\, Seoul National University\, Seoul\, Korea",2012-09-06T08:54:27Z,2013-11-04T20:06:12Z,public,Illumina HiSeq 2000,LC_S32_nor_exome1,PAIRED,unspecified,GENOMIC,Homo sapiens,ILLUMINA,2012-11-26T00:00:00Z,SAMEA1499350,LC_S32_nor,ERP001575,LC_S32_nor,2012-12-22T20:57:00Z,1,GMISNU,
ERR160177,normal_tissue_of__LC_S33,OTHER,202,7934263262,PRJEB3132,SAMEA1499363,6237494279,GMISNU,human,public,"fastq,run.zq,sra","ena,gs,ncbi,s3","ena,gs.us-east1,ncbi.public,s3.us-east-1",9/6/12,9/6/12,11/16/18,11/4/13,ERX136025,SAMEA1499363,"Genomic Medicine Institute\, Medical Research Center\, Seoul National University\, Seoul\, Korea",2012-09-06T08:54:27Z,2013-11-04T20:06:12Z,public,Illumina HiSeq 2000,LC_S33_nor_exome1,PAIRED,unspecified,GENOMIC,Homo sapiens,ILLUMINA,2012-11-26T00:00:00Z,SAMEA1499363,LC_S33_nor,ERP001575,LC_S33_nor,2012-12-22T21:05:00Z,1,GMISNU,
ERR160178,normal_tissue_of__LC_S34,OTHER,202,9028029632,PRJEB3132,SAMEA1499317,7150152380,GMISNU,human,public,"fastq,run.zq,sra","ena,gs,ncbi,s3","ena,gs.us-east1,ncbi.public,s3.us-east-1",9/6/12,9/6/12,11/16/18,11/4/13,ERX136026,SAMEA1499317,"Genomic Medicine Institute\, Medical Research Center\, Seoul National University\, Seoul\, Korea",2012-09-06T08:54:27Z,2013-11-04T20:06:12Z,public,Illumina HiSeq 2000,LC_S34_nor_exome1,PAIRED,unspecified,GENOMIC,Homo sapiens,ILLUMINA,2012-11-26T00:00:00Z,SAMEA1499317,LC_S34_nor,ERP001575,LC_S34_nor,2012-12-22T21:10:00Z,1,GMISNU,
ERR160179,normal_tissue_of__LC_S35,OTHER,202,7797990426,PRJEB3132,SAMEA1499340,6115276215,GMISNU,human,public,"fastq,run.zq,sra","ena,gs,ncbi,s3","ena,gs.us-east1,ncbi.public,s3.us-east-1",9/6/12,9/6/12,11/16/18,11/4/13,ERX136027,SAMEA1499340,"Genomic Medicine Institute\, Medical Research Center\, Seoul National University\, Seoul\, Korea",2012-09-06T08:54:27Z,2013-11-04T20:06:12Z,public,Illumina HiSeq 2000,LC_S35_nor_exome1,PAIRED,unspecified,GENOMIC,Homo sapiens,ILLUMINA,2012-11-26T00:00:00Z,SAMEA1499340,LC_S35_nor,ERP001575,LC_S35_nor,2012-12-22T21:09:00Z,1,GMISNU,
ERR160180,normal_tissue_of__LC_S36,OTHER,202,7136567484,PRJEB3132,SAMEA1499336,4853453954,GMISNU,human,public,"fastq,run.zq,sra","ena,gs,ncbi,s3","ena,gs.us-east1,ncbi.public,s3.us-east-1",9/6/12,9/6/12,11/16/18,11/4/13,ERX136028,SAMEA1499336,"Genomic Medicine Institute\, Medical Research Center\, Seoul National University\, Seoul\, Korea",2012-09-06T08:54:27Z,2013-11-04T20:06:12Z,public,Illumina HiSeq 2000,LC_S36_nor_exome1,PAIRED,unspecified,GENOMIC,Homo sapiens,ILLUMINA,2012-11-26T00:00:00Z,SAMEA1499336,LC_S36_nor,ERP001575,LC_S36_nor,2012-12-22T21:01:00Z,1,GMISNU,
ERR160181,normal_tissue_of__LC_S37,OTHER,202,5249605088,PRJEB3132,SAMEA1499343,3557116579,GMISNU,human,public,"fastq,run.zq,sra","ena,gs,ncbi,s3","ena,gs.us-east1,ncbi.public,s3.us-east-1",9/6/12,9/6/12,11/16/18,11/4/13,ERX136029,SAMEA1499343,"Genomic Medicine Institute\, Medical Research Center\, Seoul National University\, Seoul\, Korea",2012-09-06T08:54:27Z,2013-11-04T20:06:12Z,public,Illumina HiSeq 2000,LC_S37_nor_exome1,PAIRED,unspecified,GENOMIC,Homo sapiens,ILLUMINA,2012-11-26T00:00:00Z,SAMEA1499343,LC_S37_nor,ERP001575,LC_S37_nor,2012-12-22T21:06:00Z,1,GMISNU,
ERR160183,normal_tissue_of__LC_S39,OTHER,202,4910314172,PRJEB3132,SAMEA1499234,3347276642,GMISNU,human,public,"fastq,run.zq,sra","ena,gs,ncbi,s3","ena,gs.us-east1,ncbi.public,s3.us-east-1",9/6/12,9/6/12,11/16/18,11/4/13,ERX136031,SAMEA1499234,"Genomic Medicine Institute\, Medical Research Center\, Seoul National University\, Seoul\, Korea",2012-09-06T08:54:27Z,2013-11-04T20:06:12Z,public,Illumina HiSeq 2000,LC_S39_nor_exome1,PAIRED,unspecified,GENOMIC,Homo sapiens,ILLUMINA,2012-11-26T00:00:00Z,SAMEA1499234,LC_S39_nor,ERP001575,LC_S39_nor,2012-12-22T21:05:00Z,1,GMISNU,
ERR160186,normal_tissue_of__LC_S42,OTHER,202,4226015134,PRJEB3132,SAMEA1499263,2865824527,GMISNU,human,public,"fastq,run.zq,sra","ena,gs,ncbi,s3","ena,gs.us-east1,ncbi.public,s3.us-east-1",9/6/12,9/6/12,11/16/18,11/4/13,ERX136034,SAMEA1499263,"Genomic Medicine Institute\, Medical Research Center\, Seoul National University\, Seoul\, Korea",2012-09-06T08:54:27Z,2013-11-04T20:06:12Z,public,Illumina HiSeq 2000,LC_S42_nor_exome1,PAIRED,unspecified,GENOMIC,Homo sapiens,ILLUMINA,2012-11-26T00:00:00Z,SAMEA1499263,LC_S42_nor,ERP001575,LC_S42_nor,2012-12-22T21:10:00Z,1,GMISNU,
ERR160187,normal_tissue_of__LC_S43,OTHER,202,3253785498,PRJEB3132,SAMEA1499282,2233491759,GMISNU,human,public,"fastq,run.zq,sra","ena,gs,ncbi,s3","ena,gs.us-east1,ncbi.public,s3.us-east-1",9/6/12,9/6/12,11/16/18,11/4/13,ERX136035,SAMEA1499282,"Genomic Medicine Institute\, Medical Research Center\, Seoul National University\, Seoul\, Korea",2012-09-06T08:54:27Z,2013-11-04T20:06:12Z,public,Illumina HiSeq 2000,LC_S43_nor_exome1,PAIRED,unspecified,GENOMIC,Homo sapiens,ILLUMINA,2012-11-26T00:00:00Z,SAMEA1499282,LC_S43_nor,ERP001575,LC_S43_nor,2012-12-22T21:11:00Z,1,GMISNU,
ERR160188,normal_tissue_of__LC_S44,OTHER,202,4602929964,PRJEB3132,SAMEA1499311,3137524101,GMISNU,human,public,"fastq,run.zq,sra","ena,gs,ncbi,s3","ena,gs.us-east1,ncbi.public,s3.us-east-1",9/6/12,9/6/12,11/16/18,11/4/13,ERX136036,SAMEA1499311,"Genomic Medicine Institute\, Medical Research Center\, Seoul National University\, Seoul\, Korea",2012-09-06T08:54:27Z,2013-11-04T20:06:12Z,public,Illumina HiSeq 2000,LC_S44_nor_exome1,PAIRED,unspecified,GENOMIC,Homo sapiens,ILLUMINA,2012-11-26T00:00:00Z,SAMEA1499311,LC_S44_nor,ERP001575,LC_S44_nor,2012-12-22T21:11:00Z,1,GMISNU,
ERR166338,lung_adenocarcinoma_of_LC_C5,OTHER,202,15927571528,PRJEB3132,SAMEA1499346,10735762091,GMISNU,human,public,"fastq,run.zq,sra","ena,gs,ncbi,s3","ena,gs.us-east1,ncbi.public,s3.us-east-1",9/6/12,9/6/12,11/16/18,8/27/12,ERX142228,SAMEA1499346,"Genomic Medicine Institute\, Medical Research Center\, Seoul National University\, Seoul\, Korea",2012-09-06T08:54:27Z,2012-08-27T02:17:39Z,public,Illumina HiSeq 2000,LC_C5_exome1,PAIRED,unspecified,GENOMIC,Homo sapiens,ILLUMINA,2013-06-04T00:00:00Z,SAMEA1499346,LC_C5,ERP001575,LC_C5,2013-05-29T11:00:00Z,1,GMISNU,
ERR166339,lung_adenocarcinoma_of_LC_C21,OTHER,202,14295645242,PRJEB3132,SAMEA1499322,9798145601,GMISNU,human,public,"fastq,run.zq,sra","ena,gs,ncbi,s3","ena,gs.us-east1,ncbi.public,s3.us-east-1",9/6/12,9/6/12,11/16/18,8/27/12,ERX142229,SAMEA1499322,"Genomic Medicine Institute\, Medical Research Center\, Seoul National University\, Seoul\, Korea",2012-09-06T08:54:27Z,2012-08-27T02:17:40Z,public,Illumina HiSeq 2000,LC_C21_exome1,PAIRED,unspecified,GENOMIC,Homo sapiens,ILLUMINA,2013-06-04T00:00:00Z,SAMEA1499322,LC_C21,ERP001575,LC_C21,2013-05-29T10:50:00Z,1,GMISNU,